,index,Unnamed: 0,colA,colB,corr_score
0,702,702,AVProductStatesIdentifier,OsVer,0.15000033666421392
1,700,700,AVProductStatesIdentifier,Platform,0.1500166078371669
2,774,774,AVProductsInstalled,AVProductsEnabled,0.1501532399066106
3,790,790,AVProductsInstalled,AutoSampleOptIn,0.15041907995609746
4,358,358,IsBeta,AVProductsInstalled,0.1504381694036051
5,798,798,AVProductsInstalled,Census_DeviceFamily,0.15044686536829718
6,2300,2300,SmartScreen,Census_ActivationChannel,0.15069378533338915
7,711,711,AVProductStatesIdentifier,SMode,0.15121794793931326
8,832,832,AVProductsInstalled,Census_IsFlightsDisabled,0.1516683129484499
9,704,704,AVProductStatesIdentifier,OsSuite,0.15180907803204538
10,831,831,AVProductsInstalled,Census_IsFlightingInternal,0.15259831214680195
11,464,464,RtpStateBitfield,SmartScreen,0.1527073011666725
12,714,714,AVProductStatesIdentifier,Firewall,0.15296429296837372
13,2311,2311,SmartScreen,Census_IsPenCapable,0.1531096064991108
14,723,723,AVProductStatesIdentifier,Census_ProcessorClass,0.15311927248099547
15,760,760,AVProductStatesIdentifier,Census_IsPenCapable,0.15341844278207795
16,715,715,AVProductStatesIdentifier,UacLuaenable,0.1535012081597352
17,725,725,AVProductStatesIdentifier,Census_PrimaryDiskTypeName,0.1537207888016717
18,747,747,AVProductStatesIdentifier,Census_IsPortableOperatingSystem,0.15430665255725434
19,709,709,AVProductStatesIdentifier,AutoSampleOptIn,0.15449367466121286
20,693,693,AVProductStatesIdentifier,AVProductsEnabled,0.15450068978016754
21,692,692,AVProductStatesIdentifier,AVProductsInstalled,0.15450068978016754
22,708,708,AVProductStatesIdentifier,IsProtected,0.15450069077905787
23,7,7,ProductName,AVProductStatesIdentifier,0.1545006915683073
24,357,357,IsBeta,AVProductStatesIdentifier,0.1545008398854789
25,526,526,IsSxsPassiveMode,AVProductStatesIdentifier,0.15450317878938508
26,717,717,AVProductStatesIdentifier,Census_DeviceFamily,0.15450433387273846
27,442,442,RtpStateBitfield,AVProductStatesIdentifier,0.15455169250960746
28,743,743,AVProductStatesIdentifier,Census_OSInstallTypeName,0.15483249697404036
29,694,694,AVProductStatesIdentifier,HasTpm,0.15485887807790585
30,1688,1688,OsSuite,SmartScreen,0.15503662670016854
31,2292,2292,SmartScreen,Census_OSEdition,0.15584249260343452
32,834,834,AVProductsInstalled,Census_ThresholdOptIn,0.15605185274092548
33,838,838,AVProductsInstalled,Census_IsWIMBootEnabled,0.15613823567347887
34,789,789,AVProductsInstalled,IsProtected,0.15614982897058186
35,751,751,AVProductStatesIdentifier,Census_IsFlightsDisabled,0.1563936602283617
36,2293,2293,SmartScreen,Census_OSSkuName,0.15674227356433934
37,759,759,AVProductStatesIdentifier,Census_IsTouchEnabled,0.15779803814685445
38,839,839,AVProductsInstalled,Census_IsVirtualDevice,0.15993316060173438
39,771,771,AVProductStatesIdentifier,EngineVersion,0.1612752713366051
40,96,96,EngineVersion,AVProductStatesIdentifier,0.1612752713366051
41,609,609,DefaultBrowsersIdentifier,AVProductStatesIdentifier,0.16131370644719908
42,2278,2278,SmartScreen,Census_HasOpticalDiskDrive,0.16138610666109274
43,548,548,IsSxsPassiveMode,SmartScreen,0.16139059144651852
44,758,758,AVProductStatesIdentifier,Census_IsVirtualDevice,0.16178797608673798
45,852,852,AVProductsInstalled,EngineVersion,0.16200687947574538
46,97,97,EngineVersion,AVProductsInstalled,0.16200687947574538
47,2313,2313,SmartScreen,Wdft_IsGamer,0.16340979354625942
48,750,750,AVProductStatesIdentifier,Census_IsFlightingInternal,0.16393042511417155
49,1406,1406,Platform,SmartScreen,0.16501407703873242
50,842,842,AVProductsInstalled,Census_IsAlwaysOnAlwaysConnectedCapable,0.16564753236055552
51,1549,1549,OsVer,SmartScreen,0.16572461282270845
52,757,757,AVProductStatesIdentifier,Census_IsWIMBootEnabled,0.16639905875799085
53,753,753,AVProductStatesIdentifier,Census_ThresholdOptIn,0.1664572088007725
54,710,710,AVProductStatesIdentifier,PuaMode,0.16699520391706255
55,818,818,AVProductsInstalled,Census_OSArchitecture,0.16770586344069613
56,782,782,AVProductsInstalled,Processor,0.16815897536426236
57,2309,2309,SmartScreen,Census_IsVirtualDevice,0.17023809328136674
58,2265,2265,SmartScreen,Firewall,0.17064547727022775
59,761,761,AVProductStatesIdentifier,Census_IsAlwaysOnAlwaysConnectedCapable,0.17090540072930951
60,737,737,AVProductStatesIdentifier,Census_OSArchitecture,0.17280870575880852
61,701,701,AVProductStatesIdentifier,Processor,0.1730886409521111
62,953,953,HasTpm,SmartScreen,0.17488085152957725
63,29,29,ProductName,SmartScreen,0.17641855947795096
64,2307,2307,SmartScreen,Census_IsSecureBootEnabled,0.18035290744530275
65,2266,2266,SmartScreen,UacLuaenable,0.18109899846124508
66,2274,2274,SmartScreen,Census_ProcessorClass,0.18330510039869144
67,2143,2143,SMode,SmartScreen,0.18374269944262098
68,2268,2268,SmartScreen,Census_DeviceFamily,0.18421554169943444
69,2298,2298,SmartScreen,Census_IsPortableOperatingSystem,0.18486201246005973
70,2302,2302,SmartScreen,Census_IsFlightsDisabled,0.1850443668264468
71,2018,2018,AutoSampleOptIn,SmartScreen,0.1851150229058536
72,379,379,IsBeta,SmartScreen,0.18511982633276425
73,2301,2301,SmartScreen,Census_IsFlightingInternal,0.19566975656947894
74,2304,2304,SmartScreen,Census_ThresholdOptIn,0.2060289423953172
75,2308,2308,SmartScreen,Census_IsWIMBootEnabled,0.20618111435673295
