task,name,start,fold,date,time
physical_cores,start,0,1/30/2019,13:49:58
physical_cores,start,0,01/30/2019,13:50:13
physical_cores,finish,0,01/30/2019,15:10:36
physical_cores,start,1,01/30/2019,15:10:36
physical_cores,finish,1,01/30/2019,16:18:56
physical_cores,start,2,01/30/2019,16:18:56
physical_cores,finish,2,01/30/2019,17:25:42
physical_cores,finish,3,FOLDS:,01/30/2019,17:25:46
physical_cores,finish,01/30/2019,17:26:56
logical_cores,start,01/30/2019,17:26:56
logical_cores,start,0,01/30/2019,17:27:10
logical_cores,finish,0,01/30/2019,18:35:03
logical_cores,start,1,01/30/2019,18:35:03
logical_cores,finish,1,01/30/2019,19:44:35
logical_cores,start,2,01/30/2019,19:44:36
logical_cores,finish,2,01/30/2019,20:52:48
logical_cores,finish,3,FOLDS:,01/30/2019,20:52:52
logical_cores,finish,01/30/2019,20:54:03
logical_cores_gpu,start,01/30/2019,20:54:03
logical_cores_gpu,start,0,01/30/2019,20:54:18
logical_cores_gpu,finish,0,01/30/2019,21:58:11
logical_cores_gpu,start,1,01/30/2019,21:58:11
logical_cores_gpu,finish,1,01/30/2019,22:59:09
logical_cores_gpu,start,2,01/30/2019,22:59:09
logical_cores_gpu,finish,2,01/31/2019,00:00:24
logical_cores_gpu,finish,3,FOLDS:,01/31/2019,00:00:27
logical_cores_gpu,finish,01/31/2019,00:01:38

