feature,importance
SmartScreen,3688181.4029295444
AVProductsInstalled,1266016.645179063
AvSigVersion,1116668.0940561295
AVProductStatesIdentifier,1011705.6426402479
EngineVersion,1008469.7747337818
AppVersion,900714.8623816967
Census_OSVersion,878577.6395833492
OsBuildLab,342410.71767115593
index_id,334688.318462953
Census_TotalPhysicalRAM,314929.1989350319
Census_OSInstallTypeName,295563.07105755806
Wdft_IsGamer,275329.69420063496
Census_PrimaryDiskTotalCapacity,237828.6285301447
Census_InternalPrimaryDiagonalDisplaySizeInInches,223777.01757177338
Wdft_RegionIdentifier,177842.09306352749
CountryIdentifier,177322.4530838281
Census_ActivationChannel,110813.80500173569
Census_OSEdition,105839.57777166367
RtpStateBitfield,100383.52546930313
Census_IsVirtualDevice,100012.01306390762
LocaleEnglishNameIdentifier,96952.86664158106
Census_SystemVolumeTotalCapacity,91229.34948509932
Census_OSUILocaleIdentifier,76559.95708471537
Census_MDC2FormFactor,72565.53131961823
Census_OSInstallLanguageIdentifier,66065.8106123209
Census_ChassisTypeName,65480.08004975319
Census_ProcessorModelIdentifier,63913.89086449146
CityIdentifier,50392.43460888043
SMode,49867.03216597438
Census_ProcessorCoreCount,47549.33434742689
Census_FirmwareManufacturerIdentifier,46609.32676011324
GeoNameIdentifier,42300.56081545353
Census_InternalBatteryNumberOfCharges,40389.5097483173
Census_FirmwareVersionIdentifier,39568.04719706625
Census_OEMModelIdentifier,35880.319883365184
Census_InternalPrimaryDisplayResolutionHorizontal,32208.243027478456
Census_OEMNameIdentifier,31984.0115018785
DefaultBrowsersIdentifier,30603.65577340126
AVProductsEnabled,28766.77658700943
Census_GenuineStateName,26748.98668408394
IsProtected,25533.152936697006
Census_HasOpticalDiskDrive,25024.462839603424
Census_PrimaryDiskTypeName,24923.669347047806
Census_OSWUAutoUpdateOptionsName,22222.531326770782
OrganizationIdentifier,20983.014599323273
Census_InternalPrimaryDisplayResolutionVertical,19759.24495074153
Processor,19005.327483415604
IsSxsPassiveMode,18511.32501912117
IeVerIdentifier,16993.670921087265
Census_OSSkuName,16875.865287303925
Census_FlightRing,13168.681276321411
OsPlatformSubRelease,11823.618824481964
Census_OSBuildRevision,10085.29772920534
Census_PowerPlatformRoleName,9594.605892658234
SkuEdition,8504.660923957825
Firewall,8315.155491828918
Census_IsSecureBootEnabled,7243.1331786215305
Census_ThresholdOptIn,7182.847744703293
Census_OSBranch,6781.78754234314
HasTpm,6370.938467502594
OsBuild,5692.433565191925
UacLuaenable,4631.63360452652
OsSuite,4155.1979567706585
Census_IsTouchEnabled,3699.864382982254
PuaMode,3021.3165440559387
Census_ProcessorClass,2723.663212776184
Census_OSBuildNumber,2644.27617675066
Census_IsWIMBootEnabled,2489.2033936977386
Census_IsFlightingInternal,2465.006809234619
Census_IsPenCapable,2318.0745606422424
Census_OSArchitecture,1992.3146831989288
Census_InternalBatteryType,1134.0780663490295
Census_IsFlightsDisabled,757.0995643138885
AutoSampleOptIn,640.4731674194336
Census_ProcessorManufacturerIdentifier,583.8261499404907
Census_IsAlwaysOnAlwaysConnectedCapable,578.831298828125
Platform,473.4823548793793
OsVer,340.26597833633423
Census_IsPortableOperatingSystem,326.1877384185791
ProductName,159.07537031173706
Census_DeviceFamily,7.207369804382324
IsBeta,0.0
