feature,importance,fold
SmartScreen,2323635.79683131,1
AVProductsInstalled,875365.0586258173,1
AVProductStatesIdentifier,685521.0099920034,1
AvSigVersion,492570.1083555417,1
AppVersion,354900.7449847013,1
Census_TotalPhysicalRAM,310694.86318303645,1
EngineVersion,302566.6451320052,1
Wdft_IsGamer,224938.03127586842,1
Census_InternalPrimaryDiagonalDisplaySizeInInches,215656.78257090412,1
Wdft_RegionIdentifier,187231.24104754627,1
Census_OSInstallTypeName,180266.89954522252,1
Census_PrimaryDiskTotalCapacity,175404.7173321545,1
CountryIdentifier,169751.7123091221,1
Census_OSVersion,163611.7358288318,1
Census_ActivationChannel,127958.46918562055,1
LocaleEnglishNameIdentifier,117095.941579571,1
Census_OSBuildRevision,91375.30781447887,1
Census_SystemVolumeTotalCapacity,86714.667189084,1
Census_IsVirtualDevice,81273.3494733572,1
Census_OSInstallLanguageIdentifier,80863.01634102315,1
Census_ProcessorModelIdentifier,78977.16598309577,1
OsBuildLab,76698.44718965888,1
RtpStateBitfield,73558.36147105694,1
IeVerIdentifier,72518.24747601151,1
Processor,59795.3581264019,1
CityIdentifier,59785.822847537696,1
GeoNameIdentifier,57287.404945964925,1
Census_OSUILocaleIdentifier,54118.51413139701,1
Census_InternalBatteryNumberOfCharges,49496.7975705415,1
Census_FirmwareVersionIdentifier,49303.478292796295,1
OsBuild,48358.097499251366,1
Census_OEMModelIdentifier,47146.23274381459,1
DefaultBrowsersIdentifier,43583.212725654244,1
Census_FirmwareManufacturerIdentifier,43025.760685414076,1
Census_OEMNameIdentifier,38978.84024540335,1
SMode,37876.96623277664,1
Census_ProcessorCoreCount,36541.26741731167,1
OrganizationIdentifier,32197.97871685028,1
Census_InternalPrimaryDisplayResolutionHorizontal,31669.29691874981,1
Census_GenuineStateName,30983.54235380888,1
Census_InternalPrimaryDisplayResolutionVertical,30712.191970780492,1
Census_OSWUAutoUpdateOptionsName,29890.56993317604,1
Census_OSEdition,28712.563568472862,1
IsProtected,25323.08012831211,1
AVProductsEnabled,24943.286818385124,1
Census_OSSkuName,23870.580939650536,1
Census_ChassisTypeName,23329.65368178487,1
Census_PrimaryDiskTypeName,22430.455659866333,1
Census_IsTouchEnabled,18573.50089967251,1
IsSxsPassiveMode,18454.46533191204,1
Firewall,17926.38791513443,1
Census_HasOpticalDiskDrive,17420.71610045433,1
OsSuite,14062.834089785814,1
Census_OSBranch,13429.279066801071,1
Census_FlightRing,13379.790915966034,1
SkuEdition,12443.078727960587,1
Census_MDC2FormFactor,10630.365441918373,1
Census_IsSecureBootEnabled,10209.045816779137,1
OsPlatformSubRelease,9830.916828766465,1
Census_PowerPlatformRoleName,9325.565331876278,1
UacLuaenable,6331.558429956436,1
Census_ThresholdOptIn,5998.353384137154,1
Census_OSBuildNumber,5741.320778608322,1
Census_IsAlwaysOnAlwaysConnectedCapable,5363.394526958466,1
Census_InternalBatteryType,4916.252399802208,1
Census_ProcessorClass,4092.132527112961,1
HasTpm,3848.976419210434,1
Census_OSArchitecture,3836.975674033165,1
Census_IsFlightingInternal,3784.528407096863,1
Census_IsWIMBootEnabled,2980.4201509952545,1
Census_IsPenCapable,2863.5360330343246,1
PuaMode,2246.7741417884827,1
Platform,1819.4987988471985,1
Census_IsFlightsDisabled,1670.9451639652252,1
Census_ProcessorManufacturerIdentifier,776.7235050201416,1
Census_IsPortableOperatingSystem,689.9105050563812,1
ProductName,499.41301667690277,1
OsVer,438.9041154384613,1
Census_DeviceFamily,50.713510513305664,1
AutoSampleOptIn,32.38101053237915,1
IsBeta,4.9495298862457275,1
